{"cameraMode":{"drawMode":0,"name":"Shaded","section":"Shading Mode"},"sceneLighting":true,"audioPlay":false,"sceneViewState":{"m_AlwaysRefresh":false,"showFog":true,"showSkybox":true,"showFlares":true,"showImageEffects":true,"showParticleSystems":true,"showVisualEffectGraphs":true,"m_FxEnabled":true},"in2DMode":false,"pivot":{"x":420.8263854980469,"y":354.88751220703127,"z":-28.85308837890625},"rotation":{"x":-0.20273563265800477,"y":0.09815340489149094,"z":-0.020779281854629518,"w":-0.9742099046707153},"size":349.00860595703127,"orthographic":false}